Long,Lat
126.3146952,33.3054524
126.3146954,33.3054522
126.3146953,33.3054522
126.3146953,33.3054523
126.3146955,33.3054524
126.3146956,33.3054523
126.3146956,33.3054523
126.3146954,33.3054524
126.3146953,33.3054527
126.3146953,33.3054524
126.3146953,33.3054525
126.3146951,33.3054526
126.3146947,33.3054525
126.3146949,33.3054526
126.3146947,33.3054526
126.3146943,33.3054526
126.3146938,33.3054527
126.3146939,33.3054528
126.3146938,33.3054528
126.3146936,33.3054529
126.3146938,33.3054527
126.3146941,33.3054528
126.3146945,33.3054529
126.3146946,33.3054529
126.314695,33.305453
126.3146952,33.3054529
126.3146953,33.3054531
126.3146956,33.3054532
126.3146956,33.3054532
126.3146955,33.3054531
126.3146961,33.3054532
126.3146962,33.3054532
126.3146959,33.3054531
126.3146957,33.3054531
126.3146959,33.305453
126.314696,33.3054531
126.3146963,33.305453
126.3146965,33.3054531
126.3146966,33.3054531
126.3146971,33.305453
126.3146966,33.3054533
126.3146967,33.3054531
126.3146964,33.3054533
126.3146963,33.3054532
126.3146961,33.3054531
126.3146961,33.305453
126.3146961,33.305453
126.3146964,33.3054531
126.3146964,33.3054532
126.3146967,33.3054531
126.3146969,33.3054532
126.3146965,33.3054532
126.3146961,33.305453
126.3146961,33.305453
126.3146961,33.3054529
126.3146957,33.3054531
126.3146955,33.305453
126.3146957,33.305453
126.3146955,33.3054529
126.3146959,33.3054529
126.3146961,33.3054529
126.3146957,33.3054529
126.3146958,33.3054529
126.3146962,33.305453
126.3146968,33.305453
126.3146972,33.3054532
126.3146974,33.3054531
126.3146977,33.3054534
126.314698,33.3054533
126.3146985,33.3054533
126.314698,33.3054531
126.3146979,33.3054532
126.3146982,33.3054533
126.3146979,33.3054534
126.3146977,33.3054534
126.3146975,33.3054534
126.3146976,33.3054534
126.3146977,33.3054536
126.3146976,33.3054535
126.3146974,33.3054534
126.3146973,33.3054535
126.3146972,33.3054536
126.3146972,33.3054535
126.314697,33.3054536
126.3146973,33.3054536
126.3146976,33.3054536
126.3146976,33.3054536
126.3146977,33.3054536
126.3146979,33.3054537
126.3146978,33.3054537
126.3146979,33.3054537
126.314697,33.3054536
126.3146962,33.3054535
126.3146956,33.3054533
126.3146954,33.3054533
126.3146951,33.3054533
126.3146948,33.3054534
126.3146943,33.3054534
126.314694,33.3054534
126.314694,33.3054535
126.314694,33.3054534
126.3146939,33.3054534
126.3146938,33.3054534
126.3146936,33.3054535
126.3146934,33.3054535
126.3146934,33.3054535
126.3146933,33.3054534
126.3146933,33.3054533
126.314693,33.3054535
126.3146931,33.3054535
126.3146929,33.3054535
126.3146926,33.3054536
126.3146925,33.3054535
126.3146924,33.3054535
126.3146925,33.3054535
126.3146926,33.3054535
126.3146925,33.3054535
126.3146924,33.3054535
126.3146923,33.3054536
126.3146922,33.3054537
126.3146919,33.3054536
126.314692,33.3054537
126.314692,33.3054537
126.3146921,33.3054538
126.314692,33.3054537
126.314692,33.3054538
126.3146918,33.3054539
126.3146915,33.305454
126.3146911,33.3054542
126.3146913,33.305454
126.3146916,33.305454
126.3146913,33.3054541
126.3146911,33.3054542
126.3146909,33.305454
126.3146907,33.3054541
126.3146905,33.3054542
126.3146904,33.3054543
126.3146905,33.3054542
126.3146904,33.3054543
126.3146905,33.3054542
126.3146906,33.3054543
126.3146907,33.3054542
126.3146906,33.3054542
126.3146903,33.3054543
126.3146903,33.3054544
126.3146902,33.3054544
126.3146903,33.3054544
126.3146902,33.3054544
126.3146901,33.3054545
126.3146902,33.3054545
126.3146901,33.3054547
126.3146899,33.3054548
126.3146899,33.3054549
126.3146899,33.3054549
126.3146898,33.305455
126.3146899,33.305455
126.3146898,33.3054551
126.3146898,33.3054552
126.3146897,33.3054553
126.3146897,33.3054554
126.3146895,33.3054554
126.3146895,33.3054554
126.3146896,33.3054553
126.3146895,33.3054554
126.3146893,33.3054555
126.314689,33.3054555
126.3146892,33.3054555
126.3146889,33.3054555
126.3146888,33.3054555
126.3146888,33.3054555
126.3146888,33.3054555
126.3146885,33.3054556
126.314688,33.3054555
126.3146879,33.3054555
126.3146879,33.3054551
126.3146875,33.3054553
126.3146873,33.3054554
126.314687,33.3054555
126.3146867,33.3054557
126.3146862,33.3054564
126.3146859,33.3054568
126.3146857,33.3054568
126.314685,33.305457
126.3146838,33.3054573
126.3146835,33.3054578
126.3146832,33.3054581
126.314683,33.3054582
126.3146826,33.3054586
126.314682,33.3054587
126.3146822,33.3054592
126.3146823,33.3054594
126.3146809,33.3054595
126.3146806,33.3054598
126.3146801,33.3054604
126.3146797,33.3054609
126.3146793,33.3054616
126.3146787,33.3054622
126.3146787,33.3054629
126.3146779,33.3054638
126.3146776,33.3054648
126.3146772,33.3054658
126.3146769,33.3054667
126.3146766,33.3054679
126.3146762,33.3054692
126.314676,33.3054702
126.3146749,33.3054712
126.3146748,33.3054723
126.3146749,33.3054734
126.3146752,33.3054744
126.3146755,33.3054756
126.3146759,33.3054767
126.3146766,33.3054778
126.3146768,33.3054784
126.3146768,33.3054787
126.314677,33.3054788
126.3146771,33.3054788
126.3146769,33.3054787
126.3146766,33.3054788
126.3146766,33.3054787
126.3146765,33.3054786
126.3146765,33.3054786
126.3146763,33.3054785
126.314676,33.3054784
126.3146759,33.3054783
126.3146758,33.3054782
126.3146756,33.3054781
126.3146754,33.3054779
126.3146751,33.3054778
126.3146747,33.3054776
126.3146746,33.3054776
126.3146742,33.3054774
126.3146739,33.3054772
126.3146735,33.305477
126.3146732,33.3054768
126.3146729,33.3054766
126.3146725,33.3054763
126.314672,33.3054761
126.3146715,33.3054759
126.314671,33.3054759
126.3146705,33.3054756
126.3146699,33.3054754
126.3146692,33.3054753
126.3146687,33.3054751
126.314668,33.3054749
126.3146673,33.3054747
126.3146665,33.3054745
126.3146659,33.3054743
126.3146651,33.3054742
126.3146645,33.305474
126.3146635,33.305474
126.3146627,33.3054739
126.3146618,33.3054739
126.3146608,33.3054737
126.3146601,33.3054735
126.3146591,33.3054734
126.3146582,33.3054732
126.3146572,33.305473
126.3146562,33.3054729
126.314655,33.3054727
126.3146538,33.3054726
126.3146526,33.3054725
126.3146514,33.3054724
126.3146502,33.3054722
126.3146487,33.305472
126.3146473,33.3054718
126.3146458,33.3054716
126.3146444,33.3054716
126.3146429,33.3054715
126.3146413,33.3054714
126.3146397,33.3054714
126.3146382,33.3054714
126.3146367,33.3054715
126.3146351,33.3054715
126.3146335,33.3054715
126.3146319,33.3054716
126.3146304,33.3054718
126.3146287,33.3054719
126.3146272,33.3054721
126.3146257,33.3054722
126.314624,33.3054725
126.3146225,33.3054728
126.314621,33.3054731
126.3146195,33.3054734
126.3146179,33.3054737
126.3146165,33.3054738
126.3146149,33.3054739
126.3146133,33.3054741
126.314612,33.3054741
126.3146103,33.3054742
126.3146087,33.3054744
126.3146072,33.3054744
126.3146058,33.3054745
126.3146045,33.3054743
126.3146032,33.3054743
126.3146021,33.3054742
126.3146007,33.3054742
126.3145995,33.3054744
126.3145982,33.3054745
126.314597,33.3054746
126.3145956,33.3054748
126.3145943,33.3054749
126.3145929,33.3054752
126.3145917,33.3054755
126.3145903,33.3054757
126.314589,33.305476
126.3145876,33.3054764
126.3145863,33.3054768
126.314585,33.3054771
126.3145836,33.3054775
126.3145823,33.305478
126.314581,33.3054784
126.3145796,33.3054787
126.3145783,33.3054792
126.3145771,33.3054796
126.3145758,33.30548
126.3145742,33.3054802
126.3145729,33.3054805
126.3145716,33.3054809
126.3145701,33.305481
126.3145687,33.3054813
126.3145673,33.3054816
126.3145659,33.3054819
126.3145645,33.3054822
126.314563,33.3054825
126.3145617,33.3054826
126.3145602,33.3054826
126.3145588,33.3054825
126.3145574,33.3054824
126.3145559,33.3054821
126.3145545,33.3054818
126.3145531,33.3054815
126.3145517,33.3054812
126.3145503,33.3054807
126.3145488,33.3054801
126.3145474,33.3054797
126.3145461,33.305479
126.3145448,33.3054785
126.3145433,33.305478
126.3145419,33.3054775
126.3145406,33.305477
126.3145392,33.3054764
126.3145379,33.3054758
126.3145364,33.3054752
126.3145353,33.3054746
126.3145341,33.3054741
126.3145329,33.3054734
126.3145316,33.3054728
126.3145304,33.3054722
126.3145292,33.3054715
126.314528,33.3054708
126.3145268,33.3054702
126.3145255,33.3054694
126.3145243,33.3054687
126.3145231,33.305468
126.3145219,33.3054674
126.3145207,33.3054667
126.3145194,33.305466
126.3145182,33.3054654
126.3145171,33.3054647
126.3145158,33.305464
126.3145146,33.3054633
126.3145132,33.3054627
126.3145121,33.305462
126.3145109,33.3054613
126.3145097,33.3054606
126.3145086,33.30546
126.3145073,33.3054593
126.314506,33.3054588
126.3145048,33.3054581
126.3145035,33.3054576
126.3145022,33.3054571
126.314501,33.3054566
126.3144996,33.3054561
126.3144983,33.3054556
126.314497,33.3054553
126.3144957,33.3054549
126.3144944,33.3054545
126.3144929,33.3054542
126.3144916,33.3054538
126.3144901,33.3054536
126.3144889,33.3054533
126.3144874,33.305453
126.3144861,33.3054529
126.3144846,33.3054525
126.3144832,33.3054524
126.3144819,33.3054523
126.3144805,33.3054521
126.314479,33.3054521
126.3144776,33.3054521
126.3144762,33.3054521
126.3144748,33.3054521
126.3144734,33.3054522
126.3144719,33.3054524
126.3144706,33.3054527
126.3144692,33.305453
126.3144678,33.3054533
126.3144665,33.3054538
126.3144651,33.3054542
126.3144638,33.3054547
126.3144626,33.3054553
126.3144613,33.3054558
126.31446,33.3054564
126.3144589,33.305457
126.3144576,33.3054576
126.3144565,33.3054583
126.3144555,33.305459
126.3144543,33.3054597
126.3144533,33.3054605
126.3144522,33.3054613
126.3144512,33.3054622
126.3144502,33.305463
126.3144493,33.3054637
126.3144484,33.3054646
126.3144476,33.3054654
126.3144467,33.3054663
126.3144457,33.3054673
126.3144449,33.3054681
126.3144439,33.3054689
126.3144426,33.3054694
126.3144413,33.3054699
126.3144399,33.3054703
126.3144386,33.3054707
126.3144373,33.305471
126.314436,33.3054715
126.314435,33.3054721
126.3144339,33.3054727
126.3144328,33.3054735
126.3144318,33.3054742
126.3144309,33.305475
126.31443,33.305476
126.3144291,33.3054769
126.3144284,33.3054779
126.3144279,33.305479
126.3144274,33.3054801
126.314427,33.3054813
126.3144267,33.3054825
126.3144263,33.3054837
126.3144261,33.3054849
126.3144255,33.3054861
126.314425,33.3054873
126.3144247,33.3054884
126.3144242,33.3054896
126.314424,33.3054908
126.3144239,33.3054921
126.3144238,33.3054932
126.3144238,33.3054945
126.3144238,33.3054956
126.3144239,33.3054969
126.314424,33.305498
126.3144241,33.3054993
126.3144243,33.3055005
126.3144245,33.3055017
126.3144246,33.305503
126.3144251,33.3055041
126.3144254,33.3055052
126.3144261,33.3055064
126.3144267,33.3055076
126.3144274,33.3055089
126.3144283,33.30551
126.3144291,33.305511
126.3144298,33.3055121
126.3144307,33.3055133
126.3144314,33.3055146
126.3144322,33.3055157
126.3144329,33.3055168
126.3144337,33.305518
126.3144345,33.3055191
126.3144354,33.3055203
126.3144361,33.3055214
126.314437,33.3055224
126.3144376,33.3055233
126.3144384,33.3055243
126.3144391,33.3055253
126.3144399,33.3055262
126.3144408,33.3055272
126.3144416,33.3055283
126.3144424,33.3055292
126.3144434,33.3055303
126.3144442,33.3055313
126.3144452,33.3055321
126.3144462,33.3055331
126.314447,33.3055342
126.3144479,33.3055352
126.3144488,33.3055364
126.3144497,33.3055375
126.3144506,33.3055388
126.3144513,33.3055399
126.3144521,33.3055411
126.3144528,33.3055421
126.3144533,33.3055432
126.3144542,33.3055445
126.3144548,33.3055457
126.3144554,33.3055468
126.314456,33.3055478
126.3144567,33.305549
126.3144573,33.3055502
126.3144579,33.3055514
126.3144584,33.3055527
126.314459,33.3055538
126.3144595,33.3055548
126.31446,33.3055561
126.3144607,33.3055573
126.3144613,33.3055585
126.3144618,33.3055597
126.3144626,33.3055609
126.3144636,33.3055619
126.3144641,33.3055629
126.3144649,33.3055641
126.3144656,33.3055653
126.3144663,33.3055663
126.3144671,33.3055673
126.3144678,33.3055685
126.3144681,33.3055695
126.3144686,33.3055707
126.3144693,33.3055718
126.3144698,33.3055728
126.3144702,33.3055739
126.3144708,33.305575
126.3144714,33.3055761
126.3144718,33.3055771
126.3144723,33.3055781
126.3144729,33.3055791
126.3144736,33.30558
126.3144741,33.3055811
126.3144745,33.3055821
126.314475,33.3055831
126.3144755,33.3055841
126.3144761,33.3055851
126.3144766,33.3055862
126.3144772,33.3055871
126.3144777,33.3055884
126.314478,33.3055895
126.3144785,33.3055907
126.3144789,33.3055918
126.3144792,33.3055931
126.3144797,33.3055943
126.3144799,33.3055956
126.3144801,33.3055968
126.3144805,33.3055981
126.3144808,33.3055995
126.3144811,33.3056008
126.3144813,33.3056022
126.3144816,33.3056035
126.3144818,33.3056049
126.3144819,33.3056063
126.3144823,33.3056077
126.3144825,33.3056092
126.3144828,33.3056105
126.3144832,33.3056118
126.3144835,33.3056131
126.3144839,33.3056145
126.3144843,33.3056158
126.3144847,33.305617
126.314485,33.3056182
126.3144852,33.3056196
126.3144853,33.3056207
126.3144855,33.3056219
126.3144855,33.3056231
126.3144858,33.3056242
126.314486,33.3056253
126.3144861,33.3056263
126.3144863,33.3056274
126.3144867,33.3056285
126.314487,33.3056295
126.3144873,33.3056305
126.3144875,33.3056315
126.3144878,33.3056325
126.3144882,33.3056334
126.3144884,33.3056343
126.3144888,33.3056352
126.3144891,33.3056361
126.3144891,33.3056369
126.3144892,33.3056379
126.3144894,33.3056387
126.3144894,33.3056396
126.3144896,33.3056405
126.3144896,33.3056412
126.3144896,33.3056419
126.3144897,33.3056426
126.3144898,33.3056434
126.3144898,33.3056441
126.3144899,33.3056448
126.3144899,33.3056456
126.3144899,33.3056462
126.31449,33.3056471
126.31449,33.3056478
126.31449,33.3056486
126.3144901,33.3056493
126.3144901,33.3056502
126.31449,33.3056509
126.3144899,33.3056517
126.3144899,33.3056526
126.3144898,33.3056533
126.3144899,33.3056541
126.31449,33.3056549
126.3144899,33.3056558
126.31449,33.3056566
126.3144899,33.3056573
126.31449,33.3056582
126.31449,33.3056589
126.3144899,33.3056596
126.31449,33.3056603
126.31449,33.3056611
126.31449,33.3056619
126.31449,33.3056627
126.31449,33.3056634
126.31449,33.3056643
126.31449,33.3056651
126.3144901,33.3056659
126.3144901,33.3056667
126.3144901,33.3056675
126.3144901,33.3056685
126.31449,33.3056694
126.31449,33.3056702
126.3144898,33.3056712
126.3144897,33.3056723
126.3144896,33.3056732
126.3144895,33.3056743
126.3144894,33.3056753
126.3144891,33.3056763
126.314489,33.3056773
126.3144887,33.3056783
126.3144886,33.3056794
126.3144883,33.3056803
126.314488,33.3056812
126.3144879,33.3056821
126.3144877,33.305683
126.3144875,33.3056839
126.3144873,33.3056848
126.3144871,33.3056857
126.314487,33.3056866
126.3144868,33.3056875
126.3144866,33.3056884
126.3144866,33.3056893
126.3144864,33.3056902
126.3144863,33.305691
126.3144861,33.305692
126.3144859,33.3056928
126.3144859,33.3056939
126.3144858,33.3056948
126.3144857,33.3056959
126.3144853,33.305697
126.3144849,33.305698
126.3144846,33.3056991
126.3144842,33.3057001
126.3144838,33.305701
126.3144835,33.305702
126.314483,33.305703
126.3144826,33.305704
126.3144822,33.3057051
126.3144818,33.3057061
126.3144815,33.3057071
126.3144812,33.305708
126.3144809,33.305709
126.3144806,33.3057101
126.3144802,33.305711
126.3144799,33.305712
126.3144796,33.305713
126.3144793,33.305714
126.3144789,33.305715
126.3144786,33.305716
126.3144782,33.305717
126.3144779,33.305718
126.3144775,33.3057189
126.3144772,33.3057198
126.3144768,33.3057208
126.3144765,33.3057217
126.3144761,33.3057227
126.3144757,33.3057237
126.3144754,33.3057247
126.314475,33.3057256
126.3144746,33.3057266
126.3144743,33.3057275
126.3144738,33.3057283
126.3144735,33.3057292
126.3144733,33.30573
126.3144729,33.305731
126.3144725,33.3057318
126.314472,33.3057327
126.3144716,33.3057335
126.3144711,33.3057344
126.3144706,33.3057352
126.3144701,33.305736
126.3144696,33.3057369
126.3144692,33.3057377
126.3144685,33.3057385
126.3144682,33.3057393
126.3144678,33.3057401
126.3144673,33.305741
126.3144668,33.3057419
126.3144663,33.3057428
126.3144657,33.3057435
126.3144653,33.3057445
126.314465,33.3057453
126.3144645,33.3057462
126.3144639,33.305747
126.3144635,33.3057479
126.314463,33.3057488
126.3144625,33.3057496
126.3144621,33.3057505
126.3144613,33.3057513
126.3144607,33.3057522
126.3144602,33.3057529
126.3144595,33.3057538
126.314459,33.3057547
126.3144584,33.3057555
126.3144578,33.3057562
126.3144573,33.3057571
126.3144567,33.305758
126.3144561,33.3057589
126.3144555,33.3057598
126.3144549,33.3057606
126.3144545,33.3057614
126.3144539,33.3057624
126.3144532,33.3057632
126.3144527,33.3057641
126.3144521,33.305765
126.3144516,33.305766
126.3144508,33.3057669
126.3144503,33.3057678
126.3144497,33.3057688
126.314449,33.3057696
126.3144485,33.3057706
126.3144477,33.3057714
126.3144471,33.3057722
126.3144465,33.3057732
126.3144459,33.3057741
126.314445,33.3057749
126.3144444,33.3057759
126.3144437,33.3057767
126.314443,33.3057776
126.3144422,33.3057785
126.3144416,33.3057793
126.3144408,33.3057801
126.3144401,33.305781
126.3144393,33.3057819
126.3144385,33.3057827
126.3144378,33.3057835
126.314437,33.3057844
126.3144363,33.3057853
126.3144355,33.3057861
126.3144349,33.3057871
126.3144343,33.305788
126.3144335,33.3057888
126.3144329,33.3057897
126.3144321,33.3057905
126.3144315,33.3057914
126.3144309,33.3057922
126.3144302,33.3057931
126.3144295,33.3057939
126.3144288,33.3057948
126.3144282,33.3057956
126.3144274,33.3057964
126.3144265,33.3057974
126.3144257,33.3057983
126.3144249,33.3057991
126.3144241,33.3057999
126.3144233,33.3058008
126.3144225,33.3058016
126.3144216,33.3058023
126.3144208,33.3058032
126.3144201,33.305804
126.3144192,33.3058047
126.3144183,33.3058054
126.3144174,33.305806
126.3144165,33.3058068
126.3144157,33.3058076
126.3144148,33.3058082
126.3144139,33.305809
126.3144129,33.3058098
126.3144121,33.3058104
126.3144112,33.3058112
126.3144104,33.305812
126.3144096,33.3058127
126.3144087,33.3058135
126.3144079,33.3058142
126.314407,33.3058149
126.3144061,33.3058157
126.3144052,33.3058165
126.3144045,33.3058173
126.3144036,33.3058179
126.3144027,33.3058187
126.3144019,33.3058192
126.3144008,33.3058198
126.3143999,33.3058203
126.3143992,33.3058209
126.3143983,33.3058216
126.3143974,33.3058222
126.3143965,33.3058228
126.3143956,33.3058235
126.3143947,33.3058241
126.3143937,33.3058246
126.3143927,33.3058252
126.3143918,33.3058258
126.3143909,33.3058263
126.3143899,33.305827
126.3143889,33.3058276
126.3143879,33.3058282
126.3143869,33.3058287
126.3143858,33.3058292
126.3143849,33.3058299
126.3143838,33.3058304
126.3143829,33.3058309
126.3143819,33.3058314
126.3143811,33.3058321
126.31438,33.3058326
126.314379,33.3058332
126.314378,33.3058339
126.3143771,33.3058345
126.3143761,33.3058351
126.3143751,33.3058356
126.3143741,33.3058362
126.314373,33.3058369
126.3143721,33.3058374
126.3143709,33.3058381
126.3143699,33.3058386
126.3143688,33.3058392
126.3143678,33.3058399
126.3143667,33.3058404
126.3143656,33.3058411
126.3143644,33.3058416
126.3143633,33.3058422
126.3143623,33.3058427
126.3143611,33.3058433
126.3143599,33.3058439
126.3143587,33.3058445
126.3143576,33.305845
126.3143565,33.3058456
126.3143553,33.3058462
126.314354,33.3058467
126.3143529,33.3058472
126.3143517,33.3058478
126.3143504,33.3058483
126.3143494,33.305849
126.314348,33.3058496
126.3143469,33.3058502
126.3143456,33.3058507
126.3143442,33.3058512
126.314343,33.3058518
126.3143418,33.3058522
126.3143404,33.3058527
126.3143391,33.3058532
126.3143378,33.3058536
126.3143364,33.3058541
126.3143351,33.3058544
126.3143338,33.305855
126.3143326,33.3058554
126.3143313,33.3058558
126.3143299,33.3058563
126.3143286,33.3058568
126.3143273,33.3058573
126.3143261,33.3058577
126.3143246,33.3058581
126.3143231,33.3058585
126.3143218,33.3058588
126.3143203,33.3058592
126.3143189,33.3058595
126.3143175,33.3058599
126.3143162,33.3058602
126.3143149,33.3058606
126.3143134,33.3058609
126.3143122,33.3058612
126.3143108,33.3058615
126.3143095,33.3058618
126.3143083,33.305862
126.314307,33.3058623
126.3143059,33.3058626
126.3143047,33.3058628
126.3143037,33.305863
126.3143027,33.3058633
126.3143018,33.3058634
126.3143007,33.3058637
126.3142999,33.3058638
126.3142989,33.305864
126.314298,33.3058641
126.314297,33.3058644
126.3142962,33.3058645
126.3142952,33.3058647
126.3142943,33.3058649
126.3142933,33.3058651
126.3142923,33.3058653
126.3142912,33.3058654
126.3142902,33.3058656
126.314289,33.3058658
126.3142878,33.305866
126.3142867,33.3058662
126.3142855,33.3058664
126.3142843,33.3058666
126.314283,33.3058668
126.3142818,33.3058671
126.3142805,33.3058673
126.3142792,33.3058675
126.3142778,33.3058677
126.3142765,33.305868
126.3142751,33.3058682
126.3142737,33.3058685
126.3142723,33.3058687
126.3142709,33.305869
126.3142695,33.3058692
126.3142681,33.3058695
126.3142667,33.3058696
126.3142654,33.3058697
126.3142639,33.3058699
126.3142626,33.30587
126.3142612,33.3058701
126.3142599,33.3058702
126.3142586,33.3058703
126.3142573,33.3058706
126.3142561,33.3058707
126.3142549,33.305871
126.3142537,33.3058712
126.3142526,33.3058713
126.3142514,33.3058716
126.3142502,33.3058717
126.3142491,33.3058718
126.3142481,33.3058721
126.314247,33.3058723
126.3142459,33.3058725
126.3142447,33.3058727
126.3142437,33.305873
126.3142424,33.3058732
126.3142412,33.3058734
126.3142399,33.3058736
126.3142387,33.3058739
126.3142374,33.3058742
126.3142359,33.3058744
126.3142345,33.3058747
126.314233,33.305875
126.3142315,33.305875
126.31423,33.3058753
126.3142284,33.3058755
126.3142268,33.3058757
126.314225,33.3058759
126.3142236,33.3058761
126.3142218,33.3058761
126.3142202,33.3058761
126.3142185,33.3058762
126.3142169,33.3058763
126.3142152,33.3058762
126.3142135,33.3058762
126.3142117,33.3058762
126.3142102,33.3058761
126.3142085,33.3058759
126.3142069,33.3058759
126.3142053,33.3058757
126.3142039,33.3058756
126.3142024,33.3058754
126.314201,33.3058752
126.3141996,33.305875
126.3141982,33.305875
126.3141969,33.3058748
126.3141957,33.3058748
126.3141944,33.3058747
126.3141931,33.3058746
126.3141918,33.3058744
126.3141905,33.3058744
126.3141892,33.3058742
126.3141879,33.3058741
126.3141866,33.3058741
126.3141853,33.305874
126.3141839,33.3058739
126.3141825,33.3058737
126.3141811,33.3058735
126.3141797,33.3058733
126.3141782,33.3058732
126.3141768,33.3058729
126.3141754,33.3058728
126.3141739,33.3058725
126.3141724,33.3058722
126.314171,33.305872
126.3141695,33.3058717
126.3141679,33.3058714
126.3141664,33.305871
126.314165,33.3058707
126.3141635,33.3058704
126.314162,33.30587
126.3141606,33.3058696
126.3141591,33.3058693
126.3141577,33.305869
126.3141563,33.3058686
126.3141548,33.3058683
126.3141534,33.305868
126.3141519,33.3058677
126.3141506,33.3058674
126.3141492,33.3058671
126.3141478,33.3058667
126.3141463,33.3058665
126.3141449,33.3058662
126.3141436,33.3058659
126.3141423,33.3058658
126.3141411,33.3058654
126.3141397,33.3058652
126.3141384,33.3058649
126.314137,33.3058646
126.3141357,33.3058644
126.3141344,33.3058641
126.3141331,33.3058638
126.3141316,33.3058635
126.3141305,33.3058632
126.3141291,33.3058629
126.3141277,33.3058627
126.3141264,33.3058625
126.314125,33.3058622
126.3141237,33.3058619
126.3141223,33.3058616
126.3141209,33.3058613
126.3141195,33.305861
126.3141181,33.3058606
126.3141166,33.3058603
126.3141151,33.3058599
126.3141137,33.3058595
126.3141122,33.3058591
126.3141107,33.3058587
126.3141091,33.3058583
126.3141076,33.3058579
126.3141058,33.3058574
126.3141043,33.305857
126.3141027,33.3058565
126.3141012,33.305856
126.3140995,33.3058555
126.3140979,33.305855
126.3140963,33.3058546
126.3140947,33.3058541
126.3140932,33.3058537
126.3140916,33.3058532
126.3140899,33.3058528
126.3140885,33.3058523
126.3140869,33.3058519
126.3140853,33.3058514
126.3140839,33.305851
126.3140824,33.3058505
126.3140808,33.30585
126.3140793,33.3058495
126.3140778,33.305849
126.3140764,33.3058486
126.3140751,33.3058482
126.3140736,33.3058477
126.3140724,33.3058472
126.3140711,33.3058467
126.3140698,33.3058463
126.3140686,33.3058458
126.3140671,33.3058453
126.3140659,33.3058447
126.3140645,33.3058441
126.3140632,33.3058436
126.3140619,33.305843
126.3140605,33.3058424
126.3140593,33.3058418
126.3140581,33.3058411
126.3140566,33.3058404
126.3140552,33.3058397
126.3140539,33.3058391
126.3140526,33.3058385
126.3140512,33.3058378
126.3140498,33.3058372
126.3140483,33.3058366
126.3140469,33.3058358
126.3140458,33.3058349
126.3140443,33.3058341
126.314043,33.3058332
126.3140419,33.3058323
126.3140404,33.3058315
126.3140393,33.3058306
126.314038,33.3058298
126.3140366,33.305829
126.3140356,33.305828
126.3140346,33.3058271
126.3140336,33.3058263
126.3140325,33.3058253
126.3140316,33.3058245
126.3140304,33.3058236
126.3140297,33.3058228
126.3140287,33.305822
126.3140279,33.305821
126.3140269,33.3058201
126.314026,33.3058192
126.3140252,33.3058184
126.3140244,33.3058176
126.3140236,33.3058169
126.3140226,33.3058161
126.3140218,33.3058152
126.3140209,33.3058144
126.31402,33.3058137
126.3140192,33.3058129
126.3140183,33.3058121
126.3140175,33.3058114
126.3140167,33.3058107
126.3140159,33.3058099
126.3140152,33.3058092
126.3140145,33.3058085
126.3140137,33.3058077
126.3140129,33.305807
126.3140121,33.3058063
126.3140113,33.3058056
126.3140104,33.3058048
126.3140094,33.3058039
126.3140086,33.3058031
126.3140077,33.3058022
126.3140067,33.3058013
126.3140057,33.3058003
126.3140047,33.3057995
126.3140037,33.3057984
126.3140026,33.3057974
126.3140016,33.3057964
126.3140006,33.3057953
126.3139996,33.3057941
126.3139985,33.305793
126.3139976,33.3057919
126.3139967,33.3057908
126.3139956,33.3057897
126.3139947,33.3057887
126.3139937,33.3057875
126.3139927,33.3057865
126.3139918,33.3057854
126.313991,33.3057844
126.31399,33.3057835
126.3139891,33.3057826
126.3139881,33.3057817
126.3139872,33.3057808
126.3139863,33.30578
126.3139854,33.3057791
126.3139846,33.3057783
126.3139839,33.3057775
126.3139832,33.3057767
126.3139825,33.305776
126.3139818,33.3057753
126.3139811,33.3057746
126.3139805,33.305774
126.3139799,33.3057733
126.3139793,33.3057726
126.3139785,33.305772
126.3139778,33.3057714
126.3139773,33.3057706
126.3139766,33.3057699
126.313976,33.3057692
126.3139753,33.3057685
126.3139746,33.3057678
126.313974,33.3057672
126.3139732,33.3057664
126.3139726,33.3057656
126.3139719,33.3057649
126.3139713,33.3057642
126.3139707,33.3057634
126.3139701,33.3057625
126.3139696,33.3057617
126.3139691,33.3057608
126.3139686,33.3057599
126.3139682,33.305759
126.3139679,33.3057579
126.3139677,33.305757
126.3139674,33.305756
126.3139673,33.3057551
126.3139673,33.3057541
126.3139674,33.3057532
126.3139674,33.3057523
126.3139675,33.3057514
126.3139677,33.3057505
126.3139676,33.3057498
126.3139676,33.3057489
126.3139676,33.305748
126.3139676,33.3057471
126.3139676,33.3057463
126.3139676,33.3057454
126.3139677,33.3057445
126.3139679,33.3057436
126.3139679,33.3057427
126.313968,33.3057418
126.3139682,33.3057408
126.3139681,33.3057399
126.3139683,33.3057388
126.3139685,33.3057377
126.3139687,33.3057367
126.3139688,33.3057357
126.3139688,33.3057347
126.3139689,33.3057337
126.3139689,33.3057326
126.3139687,33.3057315
126.3139686,33.3057304
126.3139685,33.3057294
126.3139684,33.3057283
126.3139681,33.3057273
126.3139679,33.3057262
126.3139677,33.3057253
126.3139676,33.3057243
126.3139674,33.3057234
126.3139671,33.3057225
126.3139669,33.3057216
126.3139668,33.3057208
126.3139665,33.3057199
126.3139662,33.3057192
126.313966,33.3057183
126.3139658,33.3057176
126.3139654,33.3057168
126.3139652,33.3057161
126.313965,33.3057155
126.3139646,33.3057147
126.3139643,33.305714
126.313964,33.3057133
126.3139636,33.3057125
126.3139633,33.3057118
126.313963,33.3057111
126.3139625,33.3057103
126.3139621,33.3057095
126.3139616,33.3057087
126.3139612,33.3057079
126.3139606,33.305707
126.3139601,33.3057062
126.3139595,33.3057053
126.3139588,33.3057044
126.3139582,33.3057035
126.3139575,33.3057026
126.3139568,33.3057015
126.3139561,33.3057006
126.3139552,33.3056997
126.3139543,33.3056987
126.3139534,33.3056977
126.3139526,33.3056967
126.3139517,33.3056956
126.3139506,33.3056947
126.3139496,33.3056935
126.3139486,33.3056925
126.3139477,33.3056915
126.3139468,33.3056904
126.313946,33.3056891
126.3139452,33.3056878
126.3139447,33.3056866
126.313944,33.3056853
126.3139433,33.305684
126.3139426,33.3056827
126.313942,33.3056814
126.3139413,33.3056801
126.3139409,33.3056788
126.3139403,33.3056776
126.31394,33.3056762
126.3139395,33.3056749
126.3139391,33.3056737
126.3139387,33.3056725
126.3139382,33.3056713
126.3139379,33.3056701
126.3139377,33.3056689
126.3139374,33.3056678
126.313937,33.3056666
126.3139368,33.3056654
126.3139366,33.3056642
126.3139364,33.3056631
126.3139362,33.3056618
126.313936,33.3056606
126.3139358,33.3056594
126.3139357,33.3056582
126.3139355,33.305657
126.3139351,33.3056556
126.3139349,33.3056543
126.3139347,33.305653
126.3139345,33.3056517
126.313934,33.3056503
126.3139338,33.3056491
126.3139335,33.3056476
126.3139331,33.3056462
126.3139328,33.3056449
126.3139327,33.3056435
126.3139324,33.305642
126.3139323,33.3056406
126.3139321,33.3056392
126.3139319,33.3056378
126.3139319,33.3056364
126.3139319,33.3056351
126.3139318,33.3056338
126.3139317,33.3056324
126.3139316,33.3056311
126.3139317,33.3056299
126.3139317,33.3056286
126.3139318,33.3056274
126.3139317,33.3056262
126.3139317,33.305625
126.3139318,33.3056238
126.3139316,33.3056225
126.3139317,33.3056213
126.3139317,33.30562
126.3139316,33.3056188
126.3139317,33.3056175
126.3139316,33.3056163
126.3139316,33.305615
126.3139316,33.3056137
126.3139316,33.3056124
126.3139316,33.3056111
126.3139314,33.3056097
126.3139313,33.3056083
126.3139311,33.305607
126.313931,33.3056056
126.3139307,33.3056042
126.3139302,33.3056027
126.31393,33.3056015
126.3139296,33.3056
126.3139292,33.3055985
126.3139288,33.3055971
126.3139283,33.3055958
126.3139277,33.3055943
126.3139273,33.3055929
126.3139267,33.3055916
126.3139259,33.3055903
126.3139254,33.305589
126.3139247,33.3055877
126.3139242,33.3055864
126.3139236,33.3055851
126.3139228,33.3055839
126.3139222,33.3055827
126.3139214,33.3055815
126.3139205,33.3055803
126.3139196,33.305579
126.3139189,33.3055779
126.3139178,33.3055767
126.313917,33.3055756
126.3139161,33.3055747
126.313915,33.3055736
126.3139142,33.3055726
126.3139131,33.3055717
126.3139122,33.3055709
126.3139115,33.30557
126.3139103,33.3055691
126.3139091,33.3055684
126.3139077,33.3055675
126.3139066,33.3055667
126.3139052,33.305566
126.3139037,33.3055653
126.3139027,33.3055649
126.3139017,33.3055646
126.3139003,33.305564
126.3138991,33.3055635
126.3138978,33.3055631
126.3138961,33.3055627
126.3138949,33.3055623
126.3138931,33.3055619
126.3138914,33.3055615
126.3138901,33.3055611
126.3138889,33.305561
126.3138874,33.3055607
126.3138859,33.3055604
126.3138843,33.3055601
126.3138828,33.3055595
126.3138818,33.3055588
126.3138804,33.3055584
126.3138788,33.305558
126.3138774,33.3055575
126.3138759,33.3055568
126.3138747,33.3055564
126.3138733,33.3055558
126.313872,33.3055552
126.3138708,33.3055546
126.3138696,33.305554
126.3138684,33.3055534
126.3138671,33.3055527
126.3138658,33.3055521
126.3138648,33.3055514
126.3138635,33.3055508
126.3138623,33.3055503
126.3138612,33.3055498
126.31386,33.3055493
126.3138588,33.305549
126.3138576,33.3055486
126.3138566,33.3055482
126.3138554,33.3055478
126.313854,33.3055471
126.3138529,33.3055466
126.3138518,33.305546
126.3138505,33.3055456
126.3138495,33.3055451
126.3138483,33.3055444
126.3138471,33.3055439
126.313846,33.3055432
126.3138448,33.3055426
126.3138436,33.305542
126.3138423,33.3055414
126.313841,33.305541
126.3138396,33.3055404
126.3138381,33.3055398
126.3138366,33.3055392
126.3138353,33.3055386
126.3138336,33.3055381
126.313832,33.3055376
126.3138309,33.3055373
126.3138295,33.3055369
126.3138278,33.3055366
126.3138266,33.3055363
126.313825,33.305536
126.3138236,33.305536
126.3138222,33.305536
126.3138211,33.3055361
126.3138196,33.3055362
126.3138184,33.3055363
126.3138171,33.3055366
126.313816,33.3055369
126.3138148,33.305537
126.3138136,33.3055374
126.3138124,33.3055376
126.3138114,33.305538
126.3138105,33.3055383
126.3138096,33.3055387
126.3138086,33.305539
126.3138077,33.3055394
126.3138069,33.3055398
126.3138059,33.3055403
126.3138051,33.3055407
126.3138042,33.3055411
126.3138033,33.3055414
126.3138022,33.3055419
126.3138013,33.3055424
126.3138003,33.3055429
126.3137993,33.3055435
126.3137983,33.3055441
126.3137971,33.3055446
126.3137962,33.3055452
126.3137952,33.305546
126.3137942,33.3055467
126.3137931,33.3055473
126.313792,33.3055481
126.3137907,33.3055487
126.3137897,33.3055496
126.3137885,33.3055504
126.3137872,33.3055511
126.3137861,33.305552
126.313785,33.3055529
126.3137839,33.3055538
126.3137829,33.3055547
126.3137815,33.3055554
126.3137803,33.305556
126.313779,33.3055567
126.3137775,33.305557
126.3137759,33.3055576
126.3137745,33.3055583
126.3137729,33.3055587
126.3137716,33.3055592
126.31377,33.3055598
126.3137681,33.3055602
126.3137664,33.3055607
126.3137647,33.3055612
126.3137631,33.3055616
126.3137616,33.3055619
126.31376,33.3055623
126.3137586,33.3055626
126.313757,33.3055628
126.3137556,33.3055631
126.3137542,33.3055632
126.3137529,33.3055633
126.3137516,33.3055634
126.3137503,33.3055636
126.313749,33.3055637
126.3137478,33.3055638
126.3137465,33.3055639
126.3137454,33.305564
126.3137442,33.3055641
126.313743,33.3055642
126.313742,33.3055642
126.3137407,33.3055643
126.3137396,33.3055644
126.3137385,33.3055645
126.3137373,33.3055645
126.3137359,33.3055644
126.3137348,33.3055645
126.3137335,33.3055644
126.3137322,33.3055644
126.3137308,33.3055643
126.3137293,33.3055641
126.313728,33.305564
126.3137265,33.3055638
126.3137251,33.3055636
126.3137236,33.3055635
126.313722,33.3055631
126.3137206,33.3055625
126.313719,33.3055622
126.3137174,33.3055617
126.3137161,33.3055612
126.3137146,33.3055605
126.313713,33.30556
126.3137116,33.3055595
126.3137101,33.305559
126.3137085,33.3055584
126.313707,33.305558
126.3137056,33.3055575
126.3137042,33.3055573
126.3137025,33.3055571
126.3137008,33.3055567
126.3136992,33.3055564
126.3136976,33.3055561
126.3136959,33.3055559
126.3136943,33.3055557
126.3136927,33.3055555
126.3136911,33.3055555
126.3136895,33.3055557
126.3136879,33.3055558
126.3136863,33.3055561
126.3136848,33.3055563
126.3136833,33.3055565
126.3136817,33.3055568
126.3136802,33.3055573
126.3136788,33.3055579
126.3136773,33.3055584
126.3136756,33.3055589
126.3136743,33.3055595
126.3136731,33.3055605
126.3136718,33.3055611
126.3136703,33.3055616
126.313669,33.3055622
126.3136678,33.3055629
126.3136662,33.3055636
126.3136646,33.305564
126.3136634,33.3055644
126.313662,33.3055649
126.3136605,33.3055651
126.3136591,33.3055655
126.3136576,33.3055658
126.3136562,33.3055661
126.3136547,33.3055664
126.3136534,33.3055667
126.3136521,33.305567
126.3136506,33.3055673
126.3136493,33.3055676
126.3136479,33.3055678
126.3136465,33.305568
126.3136451,33.3055682
126.3136438,33.3055684
126.3136424,33.3055687
126.313641,33.305569
126.3136397,33.3055691
126.3136384,33.3055694
126.3136371,33.3055695
126.3136359,33.3055698
126.3136346,33.30557
126.3136332,33.3055702
126.313632,33.3055705
126.3136308,33.3055706
126.3136296,33.3055708
126.313628,33.3055709
126.3136268,33.305571
126.3136257,33.3055711
126.3136242,33.3055713
126.3136229,33.3055713
126.3136216,33.3055715
126.3136202,33.3055716
126.3136189,33.3055717
126.3136175,33.3055718
126.3136162,33.3055719
126.3136148,33.3055721
126.3136134,33.3055723
126.3136119,33.3055723
126.3136104,33.3055723
126.3136089,33.3055722
126.3136074,33.3055723
126.313606,33.3055723
126.3136043,33.3055722
126.3136027,33.3055723
126.3136012,33.3055723
126.3135997,33.3055724
126.3135981,33.3055724
126.3135964,33.3055723
126.3135948,33.3055724
126.3135934,33.3055723
126.3135917,33.3055724
126.3135904,33.3055723
126.3135889,33.305572
126.3135874,33.3055721
126.3135861,33.305572
126.3135846,33.3055718
126.3135832,33.3055717
126.3135819,33.3055716
126.3135806,33.3055715
126.3135794,33.3055713
126.3135783,33.3055712
126.3135771,33.305571
126.313576,33.305571
126.3135751,33.3055709
126.313574,33.3055709
126.3135732,33.305571
126.3135722,33.3055709
126.3135713,33.3055709
126.3135704,33.3055708
126.3135696,33.3055708
126.3135686,33.3055708
126.3135676,33.3055708
126.3135669,33.3055708
126.3135659,33.3055709
126.3135649,33.3055709
126.3135641,33.305571
126.3135631,33.305571
126.3135622,33.3055709
126.3135611,33.3055709
126.31356,33.3055708
126.3135591,33.3055708
126.3135581,33.3055707
126.3135569,33.3055707
126.3135561,33.3055707
126.3135549,33.3055705
126.313554,33.3055704
126.313553,33.3055704
126.313552,33.3055701
126.313551,33.30557
126.3135501,33.3055701
126.3135493,33.30557
126.3135483,33.3055698
126.3135475,33.3055698
126.3135465,33.3055698
126.3135456,33.3055697
126.3135447,33.3055696
126.3135438,33.3055694
126.313543,33.3055693
126.313542,33.3055692
126.3135413,33.305569
126.3135404,33.3055688
126.3135395,33.3055687
126.3135386,33.3055686
126.3135377,33.3055684
126.3135368,33.3055682
126.3135358,33.305568
126.3135349,33.3055678
126.3135338,33.3055676
126.3135328,33.3055673
126.3135318,33.305567
126.3135307,33.3055669
126.3135295,33.3055667
126.3135283,33.3055664
126.3135271,33.3055663
126.3135259,33.3055661
126.3135246,33.305566
126.3135234,33.3055658
126.313522,33.3055656
126.3135207,33.3055655
126.3135193,33.3055653
126.3135179,33.3055653
126.3135166,33.3055652
126.3135152,33.305565
126.3135137,33.3055651
126.3135122,33.305565
126.3135107,33.3055649
126.3135092,33.3055648
126.3135077,33.3055647
126.3135061,33.3055646
126.3135047,33.3055644
126.3135031,33.3055642
126.3135017,33.305564
126.3135001,33.3055637
126.3134985,33.3055635
126.313497,33.3055633
126.3134956,33.3055632
126.313494,33.3055631
126.3134925,33.305563
126.3134911,33.3055629
126.3134897,33.305563
126.3134884,33.3055632
126.3134869,33.3055634
126.3134855,33.3055637
126.3134842,33.3055641
126.3134828,33.3055646
126.3134814,33.3055649
126.3134802,33.3055655
126.3134791,33.3055661
126.3134778,33.3055667
126.3134765,33.3055674
126.3134755,33.3055681
126.3134744,33.305569
126.3134734,33.3055699
126.3134724,33.3055709
126.3134715,33.3055718
126.3134706,33.3055728
126.3134699,33.3055738
126.3134692,33.3055748
126.3134686,33.3055761
126.3134679,33.3055772
126.313467,33.3055783
126.3134666,33.3055794
126.3134659,33.3055806
126.3134654,33.3055818
126.3134649,33.3055829
126.3134644,33.3055841
126.3134641,33.3055853
126.3134636,33.3055865
126.3134633,33.3055876
126.313463,33.3055889
126.3134626,33.3055901
126.3134623,33.3055913
126.3134619,33.3055925
126.3134616,33.3055937
126.3134612,33.3055949
126.3134609,33.3055962
126.3134606,33.3055972
126.3134603,33.3055985
126.31346,33.3055997
126.3134596,33.305601
126.313459,33.3056022
126.3134584,33.3056034
126.3134579,33.3056046
126.3134572,33.3056058
126.3134563,33.305607
126.3134555,33.3056081
126.3134548,33.3056093
126.313454,33.3056104
126.313453,33.3056116
126.3134521,33.3056129
126.3134512,33.3056138
126.3134502,33.305615
126.3134491,33.305616
126.313448,33.305617
126.3134467,33.3056179
126.3134456,33.3056188
126.3134445,33.3056197
126.3134434,33.3056206
126.3134423,33.3056215
126.3134412,33.3056224
126.3134402,33.3056233
126.3134392,33.305624
126.3134381,33.3056248
126.313437,33.3056255
126.313436,33.3056261
126.313435,33.3056267
126.3134339,33.3056274
126.313433,33.305628
126.313432,33.3056285
126.313431,33.3056291
126.3134301,33.3056295
126.3134292,33.30563
126.3134282,33.3056304
126.3134274,33.3056309
126.3134264,33.3056313
126.3134254,33.3056317
126.3134245,33.3056319
126.3134235,33.3056322
126.3134225,33.3056326
126.3134214,33.3056328
126.3134204,33.305633
126.3134192,33.3056333
126.3134182,33.3056335
126.3134169,33.3056337
126.3134157,33.3056339
126.3134144,33.3056338
126.3134131,33.3056339
126.3134118,33.305634
126.3134106,33.305634
126.3134092,33.305634
126.3134078,33.3056338
126.3134065,33.3056336
126.3134051,33.3056335
126.3134037,33.3056332
126.3134024,33.3056329
126.3134011,33.3056326
126.3133998,33.3056323
126.3133985,33.3056319
126.3133973,33.3056315
126.3133962,33.3056311
126.313395,33.3056307
126.313394,33.3056303
126.3133929,33.3056298
126.3133919,33.3056295
126.3133908,33.305629
126.3133898,33.3056285
126.3133889,33.3056281
126.313388,33.3056277
126.3133868,33.3056272
126.313386,33.3056267
126.3133849,33.3056262
126.3133839,33.3056256
126.313383,33.3056251
126.313382,33.3056245
126.313381,33.3056238
126.3133801,33.305623
126.3133791,33.3056223
126.3133783,33.3056217
126.3133773,33.3056208
126.3133764,33.30562
126.3133756,33.3056192
126.3133748,33.3056181
126.3133741,33.3056171
126.3133735,33.3056161
126.3133729,33.3056149
126.3133723,33.3056137
126.3133719,33.3056125
126.3133717,33.3056112
126.3133714,33.30561
126.3133713,33.3056087
126.3133712,33.3056075
126.3133712,33.3056062
126.3133714,33.3056051
126.3133715,33.3056038
126.3133717,33.3056026
126.313372,33.3056013
126.313372,33.3056001
126.3133744,33.3056015
126.3133743,33.3056002
126.3133745,33.305599
126.3133747,33.3055978
126.3133747,33.3055967
126.3133748,33.3055957
126.313375,33.3055947
126.3133754,33.3055936
126.3133756,33.3055926
126.3133758,33.3055918
126.313376,33.305591
126.3133762,33.3055901
126.3133765,33.3055892
126.3133768,33.3055884
126.313377,33.3055876
126.3133774,33.3055868
126.3133777,33.3055859
126.3133779,33.3055851
126.3133783,33.3055844
126.3133787,33.3055835
126.3133792,33.3055826
126.3133796,33.3055819
126.3133802,33.305581
126.3133807,33.30558
126.3133814,33.3055791
126.313382,33.3055781
126.3133827,33.3055772
126.3133835,33.3055762
126.3133844,33.3055753
126.3133853,33.3055744
126.3133862,33.3055735
126.3133872,33.3055726
126.3133882,33.3055717
126.3133893,33.3055708
126.3133904,33.3055699
126.3133916,33.3055692
126.3133927,33.3055684
126.3133938,33.3055677
126.3133949,33.305567
126.3133959,33.3055661
126.3133968,33.3055654
126.3133978,33.305565
126.3133988,33.3055643
126.3133997,33.3055637
126.3134004,33.3055631
126.3134013,33.3055626
126.3134022,33.305562
126.3134031,33.3055614
126.3134039,33.3055609
126.3134047,33.3055604
126.3134055,33.3055599
126.3134065,33.3055593
126.3134074,33.3055589
126.3134083,33.3055584
126.3134091,33.3055578
126.3134101,33.3055572
126.313411,33.3055568
126.313412,33.3055562
126.3134129,33.3055557
126.313414,33.3055552
126.3134151,33.3055546
126.313416,33.305554
126.3134171,33.3055534
126.3134181,33.3055529
126.3134192,33.3055524
126.3134203,33.3055519
126.3134214,33.3055513
126.3134225,33.3055507
126.3134236,33.3055502
126.313425,33.3055496
126.3134261,33.305549
126.313427,33.3055486
126.3134281,33.3055482
126.3134292,33.3055477
126.3134301,33.3055473
126.3134311,33.3055469
126.313432,33.3055464
126.3134328,33.305546
126.3134338,33.3055458
126.3134347,33.3055454
126.3134357,33.305545
126.3134368,33.3055446
126.3134379,33.3055441
126.313439,33.3055437
126.31344,33.3055433
126.3134411,33.305543
126.3134423,33.3055426
126.3134434,33.3055421
126.3134446,33.3055417
126.3134458,33.3055414
126.3134469,33.3055409
126.3134481,33.3055405
126.3134492,33.3055402
126.3134504,33.3055398
126.3134514,33.3055395
126.3134526,33.3055391
126.3134537,33.3055388
126.3134546,33.3055385
126.3134557,33.3055382
126.3134568,33.3055379
126.3134578,33.3055376
126.3134589,33.3055373
126.31346,33.305537
126.3134611,33.3055368
126.3134623,33.3055365
126.3134634,33.3055363
126.3134647,33.305536
126.3134657,33.3055358
126.3134669,33.3055356
126.3134683,33.3055352
126.3134696,33.305535
126.3134709,33.3055348
126.3134722,33.3055345
126.3134735,33.3055344
126.3134749,33.3055342
126.3134762,33.305534
126.3134776,33.305534
126.313479,33.305534
126.3134803,33.3055341
126.3134817,33.3055341
126.3134831,33.3055342
126.3134844,33.3055343
126.3134857,33.3055342
126.3134869,33.3055343
126.3134883,33.3055343
126.3134896,33.3055344
126.3134908,33.3055345
126.3134922,33.3055346
126.3134935,33.3055347
126.3134948,33.3055349
126.3134961,33.305535
126.3134974,33.305535
126.3134988,33.3055353
126.3135001,33.3055355
126.3135014,33.3055357
126.3135028,33.3055358
126.3135041,33.305536
126.3135055,33.3055362
126.3135068,33.3055365
126.3135081,33.3055366
126.3135094,33.3055368
126.3135108,33.305537
126.3135121,33.3055372
126.3135134,33.3055375
126.3135147,33.3055378
126.3135159,33.305538
126.3135172,33.3055382
126.3135185,33.3055385
126.3135197,33.3055387
126.3135211,33.3055388
126.3135224,33.305539
126.3135235,33.3055393
126.3135248,33.3055394
126.313526,33.3055395
126.3135273,33.3055396
126.3135285,33.3055396
126.3135297,33.3055397
126.3135309,33.3055398
126.3135321,33.3055399
126.3135333,33.30554
126.3135346,33.3055402
126.3135359,33.3055404
126.3135372,33.3055405
126.3135384,33.3055405
126.3135397,33.3055408
126.3135411,33.3055409
126.3135423,33.3055411
126.3135436,33.3055413
126.3135449,33.3055414
126.3135461,33.3055415
126.3135473,33.3055416
126.3135487,33.3055417
126.31355,33.3055418
126.3135512,33.305542
126.3135525,33.305542
126.3135539,33.3055422
126.3135552,33.3055423
126.3135565,33.3055425
126.3135578,33.3055425
126.3135591,33.3055427
126.3135605,33.3055429
126.3135617,33.305543
126.313563,33.305543
126.3135642,33.3055431
126.3135655,33.3055433
126.313567,33.3055434
126.3135683,33.3055435
126.3135696,33.3055436
126.3135707,33.3055436
126.313572,33.3055437
126.313573,33.3055439
126.3135743,33.305544
126.3135754,33.3055441
126.3135767,33.3055442
126.3135778,33.3055443
126.3135789,33.3055444
126.3135799,33.3055445
126.3135811,33.3055447
126.3135822,33.3055447
126.3135832,33.3055447
126.3135843,33.3055448
126.3135854,33.3055448
126.3135866,33.3055449
126.3135876,33.3055448
126.3135887,33.3055448
126.3135898,33.3055448
126.3135908,33.3055447
126.313592,33.3055447
126.3135931,33.3055446
126.3135942,33.3055446
126.3135953,33.3055445
126.3135965,33.3055444
126.3135975,33.3055443
126.3135988,33.3055443
126.3135999,33.3055442
126.3136011,33.3055441
126.3136022,33.305544
126.3136033,33.3055438
126.3136046,33.3055437
126.3136057,33.3055435
126.3136069,33.3055434
126.3136081,33.3055432
126.3136091,33.305543
126.3136104,33.3055429
126.3136116,33.3055427
126.3136127,33.3055424
126.3136137,33.3055423
126.313615,33.3055421
126.3136162,33.3055419
126.3136172,33.3055416
126.3136184,33.3055414
126.3136196,33.3055411
126.3136207,33.3055409
126.3136218,33.3055405
126.3136229,33.3055402
126.3136241,33.30554
126.3136254,33.3055397
126.3136265,33.3055394
126.3136277,33.3055391
126.3136288,33.3055388
126.31363,33.3055386
126.3136312,33.3055383
126.3136324,33.305538
126.3136336,33.3055376
126.3136347,33.3055373
126.3136358,33.3055369
126.313637,33.3055365
126.3136381,33.305536
126.3136392,33.3055357
126.3136403,33.3055352
126.3136414,33.3055347
126.3136426,33.3055343
126.3136437,33.3055338
126.3136448,33.3055332
126.313646,33.3055327
126.3136471,33.305532
126.3136481,33.3055314
126.3136491,33.3055307
126.3136502,33.3055301
126.3136513,33.3055294
126.3136524,33.3055287
126.3136535,33.3055279
126.3136546,33.3055271
126.3136556,33.3055264
126.3136567,33.3055256
126.3136577,33.3055246
126.3136588,33.3055238
126.3136598,33.3055228
126.3136605,33.3055219
126.3136613,33.3055209
126.3136622,33.3055199
126.3136631,33.305519
126.3136639,33.3055179
126.3136645,33.3055168
126.3136653,33.3055159
126.3136661,33.305515
126.3136668,33.3055139
126.3136675,33.3055127
126.3136681,33.3055116
126.3136688,33.3055105
126.3136696,33.3055093
126.3136702,33.3055082
126.3136708,33.3055072
126.3136714,33.3055059
126.313672,33.3055048
126.3136728,33.3055036
126.3136735,33.3055026
126.3136742,33.3055015
126.313675,33.3055004
126.3136757,33.3054993
126.3136764,33.3054982
126.3136772,33.305497
126.3136779,33.305496
126.3136786,33.3054949
126.3136794,33.3054938
126.31368,33.3054927
126.3136808,33.3054914
126.3136816,33.3054904
126.3136824,33.3054892
126.313683,33.3054882
126.3136839,33.3054871
126.3136849,33.305486
126.3136858,33.3054849
126.3136867,33.3054839
126.3136875,33.3054828
126.3136884,33.3054818
126.3136893,33.3054807
126.3136904,33.3054797
126.3136913,33.3054787
126.3136923,33.3054777
126.3136933,33.3054766
126.3136943,33.3054756
126.3136953,33.3054747
126.3136963,33.3054737
126.3136974,33.3054728
126.3136983,33.3054718
126.3136994,33.3054709
126.3137005,33.3054699
126.3137015,33.3054689
126.3137027,33.3054709
126.3137037,33.30547
126.3137047,33.3054691
126.3137058,33.3054681
126.3137068,33.3054672
126.3137079,33.3054663
126.3137089,33.3054653
126.3137099,33.3054644
126.313711,33.3054634
126.313712,33.3054624
126.3137131,33.3054615
126.3137142,33.3054605
126.3137154,33.3054596
126.3137167,33.3054587
126.3137178,33.305458
126.3137191,33.3054572
126.3137204,33.3054563
126.3137216,33.3054556
126.3137229,33.3054549
126.3137242,33.3054541
126.3137255,33.3054534
126.3137266,33.3054527
126.3137279,33.3054519
126.3137291,33.3054513
126.3137305,33.3054506
126.3137318,33.3054499
126.3137331,33.3054492
126.3137344,33.3054485
126.3137359,33.3054477
126.3137372,33.3054471
126.3137385,33.3054466
126.31374,33.305446
126.3137415,33.3054454
126.3137427,33.3054449
126.3137441,33.3054445
126.3137456,33.3054439
126.3137472,33.3054435
126.3137487,33.3054431
126.3137501,33.3054427
126.3137516,33.3054425
126.3137531,33.3054422
126.3137547,33.3054419
126.3137563,33.3054417
126.3137578,33.3054415
126.3137594,33.3054413
126.3137611,33.3054412
126.3137625,33.3054412
126.313764,33.3054411
126.3137656,33.3054411
126.3137672,33.3054412
126.3137686,33.3054412
126.3137702,33.3054412
126.3137718,33.3054416
126.3137733,33.3054417
126.3137748,33.3054418
126.3137763,33.305442
126.3137778,33.3054423
126.3137792,33.3054426
126.3137808,33.3054429
126.3137823,33.3054433
126.3137837,33.3054437
126.3137853,33.305444
126.3137867,33.3054445
126.3137881,33.305445
126.3137895,33.3054455
126.313791,33.3054463
126.3137924,33.305447
126.3137935,33.3054477
126.3137949,33.3054484
126.3137961,33.3054491
126.3137972,33.3054499
126.3137983,33.3054508
126.3137994,33.3054517
126.3138007,33.3054525
126.3138018,33.3054534
126.3138027,33.3054544
126.3138038,33.3054553
126.313805,33.3054564
126.3138059,33.3054573
126.3138069,33.3054583
126.313808,33.3054593
126.313809,33.3054603
126.3138099,33.3054612
126.313811,33.3054623
126.3138117,33.3054633
126.3138125,33.3054645
126.3138133,33.3054656
126.313814,33.3054667
126.313815,33.3054679
126.3138158,33.3054691
126.3138163,33.3054704
126.3138171,33.3054716
126.3138178,33.3054728
126.3138185,33.305474
126.3138191,33.3054752
126.3138198,33.3054765
126.3138202,33.3054776
126.3138207,33.3054788
126.313821,33.3054801
126.3138213,33.3054812
126.3138219,33.3054827
126.3138225,33.3054839
126.3138234,33.3054851
126.3138241,33.3054862
126.3138249,33.3054875
126.3138257,33.3054887
126.3138265,33.3054896
126.3138275,33.3054906
126.3138284,33.3054918
126.3138295,33.3054931
126.3138305,33.305494
126.3138314,33.305495
126.3138323,33.3054961
126.3138328,33.3054971
126.3138335,33.305498
126.3138345,33.3054992
126.3138355,33.3055002
126.3138369,33.3055012
126.3138377,33.3055023
126.3138389,33.3055032
126.3138402,33.3055041
126.3138412,33.305505
126.3138422,33.305506
126.3138435,33.3055066
126.313845,33.3055073
126.3138463,33.3055079
126.3138477,33.3055082
126.313849,33.3055087
126.3138504,33.3055092
126.3138515,33.3055094
126.3138526,33.3055097
126.3138539,33.3055099
126.3138551,33.3055104
126.3138565,33.3055108
126.3138579,33.3055112
126.3138592,33.3055116
126.3138607,33.3055119
126.3138622,33.3055123
126.3138637,33.3055127
126.3138652,33.305513
126.3138666,33.3055133
126.313868,33.3055138
126.3138694,33.3055142
126.313871,33.3055146
126.3138723,33.305515
126.3138738,33.3055155
126.3138752,33.305516
126.3138767,33.3055164
126.313878,33.3055169
126.3138795,33.3055173
126.313881,33.3055177
126.3138824,33.3055183
126.3138837,33.3055188
126.3138851,33.3055192
126.3138865,33.3055197
126.3138879,33.3055203
126.3138894,33.3055208
126.3138908,33.3055213
126.3138922,33.3055218
126.3138936,33.3055223
126.3138949,33.3055228
126.3138963,33.3055234
126.3138976,33.3055238
126.313899,33.3055244
126.3139004,33.3055248
126.3139018,33.3055253
126.3139031,33.3055258
126.3139045,33.3055263
126.3139059,33.3055268
126.3139074,33.3055272
126.3139085,33.3055278
126.31391,33.3055283
126.3139115,33.3055288
126.3139129,33.3055293
126.3139145,33.3055296
126.3139158,33.3055299
126.3139172,33.3055301
126.3139186,33.3055304
126.3139199,33.3055306
126.3139212,33.3055308
126.3139228,33.3055311
126.3139243,33.3055312
126.3139258,33.3055314
126.3139271,33.3055315
126.3139287,33.3055317
126.3139302,33.3055318
126.3139318,33.3055319
126.3139332,33.305532
126.3139347,33.3055321
126.3139362,33.3055321
126.3139376,33.3055321
126.3139392,33.305532
126.3139407,33.305532
126.3139422,33.3055319
126.3139437,33.3055316
126.313945,33.3055315
126.3139465,33.3055313
126.313948,33.3055309
126.3139494,33.3055307
126.3139509,33.3055304
126.3139523,33.30553
126.3139539,33.3055297
126.3139552,33.3055293
126.3139565,33.3055288
126.3139579,33.3055284
126.3139594,33.3055279
126.3139607,33.3055273
126.313962,33.3055266
126.3139632,33.3055261
126.3139645,33.3055255
126.3139658,33.3055248
126.3139671,33.3055242
126.3139683,33.3055235
126.3139695,33.3055228
126.3139707,33.305522
126.3139718,33.3055212
126.313973,33.3055205
126.3139742,33.3055198
126.3139753,33.3055189
126.3139766,33.3055182
126.3139779,33.3055176
126.3139791,33.305517
126.3139803,33.3055164
126.3139815,33.3055158
126.3139826,33.3055152
126.3139836,33.3055146
126.3139846,33.3055142
126.3139858,33.3055136
126.3139869,33.3055129
126.313988,33.3055122
126.3139892,33.3055115
126.3139903,33.3055109
126.3139914,33.3055103
126.3139923,33.3055095
126.3139934,33.305509
126.3139943,33.3055083
126.3139953,33.3055076
126.3139962,33.3055069
126.3139973,33.3055062
126.3139982,33.3055056
126.313999,33.3055049
126.314,33.3055042
126.3140009,33.3055035
126.3140017,33.3055028
126.3140025,33.3055021
126.3140034,33.3055014
126.3140042,33.3055006
126.314005,33.3055
126.3140059,33.3054993
126.3140067,33.3054986
126.3140076,33.3054979
126.3140084,33.3054972
126.3140093,33.3054965
126.3140102,33.305496
126.3140112,33.3054953
126.314012,33.3054947
126.314013,33.3054941
126.3140139,33.3054934
126.3140149,33.3054928
126.3140159,33.3054922
126.3140168,33.3054916
126.3140177,33.3054911
126.3140188,33.3054904
126.3140196,33.3054897
126.3140205,33.305489
126.3140215,33.3054883
126.3140224,33.3054876
126.3140232,33.3054869
126.3140241,33.3054862
126.314025,33.3054854
126.314026,33.3054847
126.3140268,33.305484
126.3140277,33.3054833
126.3140286,33.3054826
126.3140297,33.3054821
126.3140307,33.3054814
126.3140316,33.3054807
126.3140326,33.3054802
126.3140335,33.3054794
126.3140345,33.3054789
126.3140355,33.3054784
126.3140364,33.3054778
126.3140373,33.305477
126.3140383,33.3054765
126.3140391,33.3054758
126.3140401,33.3054752
126.314041,33.3054746
126.314042,33.3054741
126.3140427,33.3054735
126.3140437,33.3054727
126.3140446,33.3054721
126.3140455,33.3054714
126.3140463,33.3054708
126.3140472,33.3054701
126.3140482,33.3054694
126.3140492,33.3054688
126.31405,33.3054683
126.314051,33.3054676
126.3140519,33.3054671
126.3140529,33.3054664
126.3140539,33.3054658
126.3140548,33.3054651
126.3140557,33.3054646
126.3140567,33.305464
126.3140577,33.3054633
126.3140586,33.3054628
126.3140596,33.3054621
126.3140604,33.3054616
126.3140614,33.3054609
126.3140624,33.3054604
126.3140634,33.3054598
126.3140644,33.3054592
126.3140653,33.3054586
126.3140663,33.305458
126.3140673,33.3054574
126.3140684,33.3054568
126.3140694,33.3054563
126.3140702,33.3054558
126.3140712,33.3054552
126.3140722,33.3054546
126.3140731,33.3054541
126.3140741,33.3054535
126.3140751,33.3054529
126.314076,33.3054524
126.314077,33.3054518
126.314078,33.3054513
126.314079,33.3054508
126.3140799,33.3054502
126.3140809,33.3054497
126.3140819,33.3054491
126.3140829,33.3054485
126.3140838,33.305448
126.3140848,33.3054475
126.3140858,33.3054469
126.3140868,33.3054463
126.3140879,33.3054458
126.314089,33.3054453
126.31409,33.3054448
126.3140911,33.3054443
126.314092,33.3054438
126.3140931,33.3054433
126.3140943,33.3054428
126.3140955,33.3054423
126.3140965,33.3054418
126.3140977,33.3054414
126.3140988,33.3054409
126.3141,33.3054404
126.3141011,33.3054399
126.3141024,33.3054395
126.3141035,33.3054391
126.3141049,33.3054386
126.3141061,33.3054382
126.3141071,33.3054377
126.3141084,33.3054373
126.3141097,33.3054369
126.3141107,33.3054364
126.3141119,33.3054359
126.3141132,33.3054354
126.3141143,33.305435
126.3141155,33.3054345
126.3141167,33.305434
126.3141179,33.3054337
126.314119,33.3054332
126.3141201,33.3054327
126.3141212,33.3054323
126.3141225,33.3054318
126.3141235,33.3054315
126.3141247,33.305431
126.3141256,33.3054305
126.3141267,33.3054301
126.3141277,33.3054298
126.3141289,33.3054294
126.3141301,33.3054291
126.3141313,33.3054286
126.3141325,33.3054283
126.3141337,33.3054279
126.314135,33.3054276
126.3141363,33.3054271
126.3141374,33.3054268
126.3141387,33.3054265
126.3141399,33.3054262
126.314141,33.3054258
126.3141423,33.3054255
126.3141436,33.3054252
126.3141447,33.3054249
126.314146,33.3054246
126.3141472,33.3054244
126.3141483,33.3054241
126.3141494,33.3054238
126.3141508,33.3054236
126.314152,33.3054234
126.314153,33.3054231
126.3141543,33.3054229
126.3141554,33.3054226
126.3141566,33.3054223
126.3141577,33.3054221
126.314159,33.3054219
126.3141601,33.3054218
126.3141614,33.3054215
126.3141625,33.3054213
126.3141637,33.3054211
126.3141648,33.305421
126.314166,33.3054207
126.3141673,33.3054206
126.3141684,33.3054204
126.3141696,33.3054204
126.3141708,33.3054203
126.314172,33.3054201
126.3141732,33.3054199
126.3141743,33.3054198
126.3141755,33.3054196
126.3141767,33.3054194
126.3141779,33.3054192
126.314179,33.305419
126.3141802,33.305419
126.3141813,33.3054187
126.3141825,33.3054186
126.3141836,33.3054183
126.3141847,33.3054182
126.3141858,33.3054181
126.3141869,33.3054179
126.3141881,33.3054178
126.3141892,33.3054176
126.3141904,33.3054176
126.3141914,33.3054174
126.3141926,33.3054173
126.3141938,33.3054172
126.3141949,33.3054171
126.3141959,33.305417
126.3141971,33.305417
126.3141982,33.3054168
126.3141994,33.3054169
126.3142004,33.3054168
126.3142015,33.3054168
126.3142027,33.3054168
126.3142038,33.3054167
126.3142049,33.3054168
126.314206,33.3054168
126.3142071,33.3054168
126.3142083,33.3054168
126.3142093,33.3054169
126.3142104,33.3054168
126.3142115,33.3054169
126.3142127,33.3054169
126.3142138,33.305417
126.3142149,33.305417
126.314216,33.305417
126.3142171,33.305417
126.3142182,33.3054171
126.3142193,33.3054172
126.3142203,33.3054173
126.3142216,33.3054173
126.3142226,33.3054173
126.3142237,33.3054175
126.3142248,33.3054176
126.314226,33.3054177
126.3142271,33.3054177
126.3142281,33.3054179
126.3142292,33.305418
126.3142303,33.3054182
126.3142313,33.3054183
126.3142325,33.3054185
126.3142335,33.3054187
126.3142346,33.305419
126.3142358,33.3054192
126.3142368,33.3054193
126.3142379,33.3054195
126.3142391,33.3054199
126.3142402,33.30542
126.3142412,33.3054202
126.3142423,33.3054206
126.3142434,33.305421
126.3142445,33.3054212
126.3142454,33.3054214
126.3142466,33.3054217
126.3142477,33.3054219
126.3142488,33.305422
126.3142499,33.3054222
126.314251,33.3054224
126.3142522,33.3054225
126.3142533,33.3054226
126.3142544,33.3054227
126.3142555,33.3054227
126.3142567,33.3054228
126.3142578,33.3054228
126.3142588,33.3054228
126.31426,33.3054227
126.3142612,33.3054228
126.3142624,33.3054228
126.3142636,33.3054227
126.3142646,33.3054227
126.3142658,33.3054227
126.314267,33.3054227
126.3142681,33.3054226
126.3142693,33.3054226
126.3142705,33.3054225
126.3142716,33.3054224
126.3142729,33.3054223
126.3142741,33.3054222
126.3142752,33.3054222
126.314281,33.3054287
126.314282,33.3054287
126.3142832,33.3054289
126.3142845,33.305429
126.3142856,33.3054292
126.3142868,33.3054293
126.3142879,33.3054293
126.314289,33.3054294
126.3142902,33.3054297
126.3142914,33.30543
126.3142925,33.3054302
126.3142936,33.3054304
126.3142947,33.3054307
126.3142958,33.3054309
126.3142969,33.3054311
126.3142981,33.3054313
126.3142992,33.3054316
126.3143003,33.305432
126.3143014,33.3054322
126.3143027,33.3054325
126.3143038,33.3054329
126.3143051,33.3054332
126.3143062,33.3054335
126.3143075,33.3054339
126.3143087,33.3054343
126.31431,33.3054349
126.3143113,33.3054352
126.3143125,33.3054356
126.3143139,33.3054358
126.3143152,33.3054361
126.3143166,33.3054364
126.3143179,33.3054368
126.3143194,33.3054372
126.3143209,33.3054374
126.3143224,33.3054378
126.3143239,33.305438
126.3143253,33.3054383
126.3143269,33.3054387
126.3143284,33.305439
126.3143299,33.3054394
126.3143314,33.3054396
126.3143329,33.3054399
126.3143345,33.3054403
126.3143362,33.3054405
126.3143377,33.3054408
126.3143393,33.3054411
126.3143408,33.3054414
126.3143425,33.3054417
126.3143442,33.3054421
126.3143457,33.3054422
126.3143474,33.3054425
126.314349,33.3054428
126.3143506,33.305443
126.314352,33.3054433
126.3143537,33.3054436
126.3143553,33.3054436
126.3143569,33.3054439
126.3143585,33.3054443
126.3143601,33.3054447
126.3143616,33.305445
126.3143633,33.3054455
126.3143648,33.3054459
126.3143662,33.3054464
126.3143679,33.3054468
126.3143693,33.3054472
126.314371,33.3054477
126.3143725,33.3054481
126.3143739,33.3054486
126.3143755,33.3054492
126.3143769,33.3054496
126.3143786,33.3054501
126.31438,33.3054507
126.3143815,33.3054512
126.3143831,33.3054517
126.3143846,33.3054523
126.3143861,33.3054529
126.3143875,33.3054534
126.314389,33.305454
126.3143904,33.3054548
126.314392,33.3054555
126.3143933,33.3054563
126.3143946,33.3054569
126.3143959,33.3054577
126.3143973,33.3054585
126.3143986,33.3054593
126.3143999,33.3054601
126.3144012,33.3054609
126.3144025,33.3054616
126.3144037,33.3054625
126.3144048,33.3054633
126.3144059,33.3054641
126.314407,33.3054649
126.3144081,33.3054657
126.3144092,33.3054666
126.3144103,33.3054673
126.3144113,33.3054682
126.3144121,33.305469
126.3144131,33.3054698
126.3144139,33.3054705
126.3144148,33.3054713
126.3144156,33.3054719
126.3144161,33.3054726
126.314417,33.3054734
126.3144178,33.3054741
126.3144184,33.3054748
126.314419,33.3054755
126.3144198,33.3054762
126.3144203,33.3054767
126.3144209,33.3054773
126.3144214,33.305478
126.3144219,33.3054785
126.3144225,33.3054791
126.3144229,33.3054796
126.3144234,33.3054802
126.3144238,33.3054807
126.3144241,33.305481
126.3144243,33.3054812
126.3144244,33.3054814
126.3144243,33.3054814
126.3144244,33.3054815
126.3144244,33.3054814
126.3144244,33.3054814
126.3144244,33.3054814
126.3144244,33.3054813
126.3144244,33.3054813
126.3144244,33.3054813
126.3144244,33.3054813
126.3144243,33.3054812
126.3144243,33.3054812
126.3144243,33.3054812
126.3144243,33.3054812
126.3144243,33.3054812
126.3144243,33.3054812
126.3144243,33.3054811
126.3144242,33.3054811
126.3144242,33.3054811
126.3144242,33.305481
126.3144243,33.3054811
126.3144242,33.3054811
126.3144242,33.3054811
126.3144243,33.3054811
126.3144243,33.3054811
126.3144242,33.3054811
126.3144243,33.3054811
126.3144242,33.3054811
126.3144242,33.3054811
126.3144243,33.3054811
126.3144242,33.3054811
126.3144242,33.3054811
126.3144243,33.305481
126.3144242,33.305481
126.3144242,33.3054811
126.3144243,33.305481
126.3144243,33.3054811
126.3144242,33.3054811
126.3144242,33.3054811
126.3144242,33.3054811
126.3144242,33.3054811
126.3144242,33.3054811
126.3144242,33.305481
126.3144243,33.3054811
126.3144243,33.3054811
126.3144242,33.3054811
126.3144242,33.3054811
126.3144243,33.3054811
126.3144243,33.3054811
126.3144243,33.3054811
126.3144243,33.3054811
126.3144243,33.3054811
126.3144243,33.3054811
126.3144243,33.3054811
126.3144243,33.3054811
126.3144243,33.3054811
126.3144243,33.3054811
126.3144243,33.3054811
126.3144243,33.3054811
126.3144242,33.3054811
126.3144243,33.3054811
126.3144244,33.3054812
126.3144243,33.3054811
126.3144242,33.3054811
126.3144243,33.3054811
126.3144243,33.3054811
126.3144243,33.3054811
126.3144243,33.3054811
126.3144243,33.3054811
126.3144243,33.3054811
126.3144243,33.3054811
126.3144243,33.3054811
126.3144243,33.3054811
126.3144186,33.3054732
126.3144185,33.3054732
126.3144185,33.3054733
126.3144185,33.3054732
126.3144186,33.3054732
126.3144185,33.3054732
126.3144185,33.3054732
126.3144185,33.3054732
126.3144185,33.3054732
126.3144186,33.3054732
126.3144186,33.3054731
126.3144185,33.3054732
126.3144186,33.3054732
126.3144185,33.3054732
126.3144184,33.3054732
126.3144185,33.3054732
126.3144185,33.3054733
126.3144185,33.3054732
126.3144185,33.3054732
126.3144184,33.3054732
126.3144185,33.3054732
126.3144186,33.3054732
126.3144185,33.3054732
126.3144186,33.3054732
126.3144185,33.3054732
126.3144185,33.3054732
126.3144186,33.3054732
126.3144186,33.3054732
126.3144185,33.3054732
126.3144185,33.3054732
126.3144184,33.3054732
126.3144185,33.3054732
126.3144185,33.3054732
126.3144184,33.3054732
126.3144185,33.3054733
126.3144184,33.3054732
126.3144185,33.3054732
126.3144185,33.3054733
126.3144184,33.3054733
126.3144185,33.3054733
126.3144184,33.3054733
126.3144184,33.3054732
126.3144184,33.3054733
126.3144185,33.3054733
126.3144185,33.3054733
126.3144185,33.3054733
126.3144185,33.3054733
126.3144185,33.3054733
126.3144185,33.3054733
126.3144185,33.3054733
126.3144185,33.3054733
126.3144186,33.3054732
126.3144186,33.3054732
126.3144185,33.3054732
126.3144186,33.3054732
126.3144187,33.3054732
126.3144187,33.3054732
126.3144186,33.3054732
126.3144185,33.3054732
126.3144186,33.3054732
126.3144186,33.3054731
126.3144186,33.3054731
126.3144186,33.3054731
126.3144187,33.3054732
126.3144187,33.3054732
126.3144186,33.3054731
126.3144186,33.3054732
126.3144187,33.3054732
126.3144187,33.3054732
126.3144187,33.3054732
126.3144186,33.3054731
126.3144186,33.3054731
126.3144186,33.3054731
126.3144186,33.3054731
126.3144186,33.3054731
126.3144186,33.3054731
126.3144186,33.3054731
126.3144186,33.3054731
126.3144187,33.3054731
126.3144185,33.3054731
126.3144186,33.3054731
126.3144186,33.3054731
126.3144186,33.3054732
126.3144186,33.3054732
126.3144186,33.3054732
126.3144186,33.3054732
126.3144186,33.3054731
126.3144185,33.3054731
126.3144186,33.3054732
126.3144187,33.3054731
126.3144187,33.3054731
126.3144187,33.3054732
126.3144186,33.3054732
126.3144186,33.3054732
126.3144186,33.3054732
126.3144186,33.3054732
126.3144186,33.3054732
126.3144186,33.3054732
126.3144186,33.3054732
126.3144186,33.3054732
126.3144186,33.3054732
126.3144185,33.3054732
126.3144186,33.3054732
126.3144186,33.3054732
126.3144186,33.3054732
126.3144185,33.3054732
126.3144186,33.3054732
126.3144186,33.3054732
126.3144187,33.3054733
126.3144186,33.3054733
126.3144186,33.3054732
126.3144186,33.3054732
126.3144187,33.3054732
126.3144186,33.3054732
126.3144186,33.3054732
126.3144186,33.3054732
126.3144186,33.3054732
126.3144186,33.3054732
126.3144186,33.3054732
126.3144185,33.3054732
126.3144186,33.3054733
126.3144186,33.3054732
126.3144186,33.3054733
126.3144186,33.3054732
126.3144186,33.3054732
126.3144185,33.3054732
126.3144185,33.3054732
126.3144185,33.3054732
126.3144186,33.3054732
126.3144186,33.3054732
126.3144185,33.3054732
126.3144186,33.3054733
126.3144185,33.3054733
126.3144186,33.3054732
126.3144186,33.3054733
126.3144186,33.3054733
126.3144186,33.3054732
126.3144186,33.3054733
126.3144186,33.3054733
126.3144185,33.3054733
126.3144186,33.3054732
126.3144186,33.3054733
126.3144186,33.3054733
126.3144186,33.3054733
126.3144186,33.3054733
126.3144185,33.3054733
126.3144186,33.3054733
126.3144185,33.3054733
126.3144186,33.3054733
126.3144186,33.3054733
126.3144185,33.3054733
126.3144184,33.3054733
126.3144185,33.3054733
126.3144185,33.3054732
126.3144186,33.3054733
126.3144185,33.3054732
126.3144185,33.3054732
126.3144185,33.3054733
126.3144185,33.3054733
126.3144185,33.3054733
126.3144186,33.3054734
126.3144186,33.3054733
126.3144186,33.3054733
126.3144185,33.3054733
126.3144185,33.3054733
126.3144185,33.3054733
126.3144185,33.3054733
126.3144185,33.3054733
126.3144184,33.3054732
126.3144185,33.3054733
126.3144185,33.3054733
126.3144185,33.3054733
126.3144185,33.3054732
126.3144185,33.3054732
126.3144185,33.3054732
126.3144185,33.3054732
126.3144185,33.3054732
126.3144185,33.3054732
126.3144185,33.3054732
126.3144186,33.3054732
126.3144186,33.3054732
126.3144185,33.3054732
126.3144185,33.3054732
126.3144186,33.3054733
126.3144186,33.3054732
126.3144186,33.3054733
126.3144186,33.3054733
126.3144185,33.3054733
126.3144186,33.3054733
126.3144185,33.3054733
126.3144185,33.3054733
126.3144185,33.3054732
126.3144185,33.3054733
126.3144185,33.3054733
126.3144186,33.3054734
126.3144186,33.3054733
126.3144186,33.3054733
126.3144186,33.3054734
126.3144186,33.3054734
126.3144185,33.3054734
126.3144185,33.3054734
126.3144185,33.3054735
126.3144185,33.3054734
126.3144186,33.3054734
126.3144185,33.3054734
126.3144185,33.3054734
126.3144185,33.3054734
126.3144185,33.3054734
126.3144186,33.3054734
126.3144186,33.3054734
126.3144185,33.3054734
126.3144184,33.3054734
126.3144184,33.3054734
126.3144184,33.3054735
126.3144185,33.3054735
126.3144185,33.3054734
126.3144185,33.3054734
126.3144184,33.3054734
126.3144185,33.3054734
126.3144185,33.3054735
126.3144185,33.3054735
126.3144185,33.3054734
126.3144185,33.3054734
126.3144185,33.3054734
126.3144185,33.3054734
126.3144185,33.3054734
126.3144185,33.3054734
126.3144186,33.3054734
126.3144185,33.3054734
126.3144185,33.3054734
126.3144185,33.3054735
126.3144185,33.3054734
126.3144184,33.3054734
126.3144184,33.3054734
126.3144185,33.3054735
126.3144185,33.3054735
126.3144185,33.3054734
126.3144185,33.3054734
126.3144184,33.3054734
126.3144185,33.3054734
126.3144185,33.3054734
126.3144185,33.3054734
126.3144185,33.3054734
126.3144186,33.3054734
126.3144184,33.3054734
126.3144185,33.3054734
126.3144185,33.3054734
126.3144185,33.3054734
126.3144185,33.3054734
126.3144185,33.3054734
126.3144185,33.3054733
126.3144185,33.3054734
126.3144185,33.3054734
126.3144185,33.3054733
126.3144185,33.3054733
126.3144185,33.3054734
126.3144185,33.3054734
126.3144185,33.3054733
126.3144185,33.3054734
126.3144185,33.3054734
126.3144186,33.3054734
126.3144186,33.3054733
126.3144186,33.3054733
126.3144185,33.3054734
126.3144185,33.3054734
126.3144185,33.3054734
126.3144186,33.3054734
126.3144186,33.3054734
126.3144185,33.3054734
126.3144186,33.3054734
126.3144186,33.3054733
126.3144186,33.3054733
126.3144185,33.3054734
126.3144186,33.3054734
126.3144186,33.3054733
126.3144186,33.3054734
126.3144186,33.3054734
126.3144186,33.3054734
126.3144185,33.3054733
126.3144186,33.3054733
126.3144186,33.3054734
126.3144186,33.3054734
126.3144187,33.3054733
126.3144186,33.3054733
126.3144186,33.3054733
126.3144186,33.3054733
126.3144187,33.3054733
126.3144186,33.3054733
126.3144186,33.3054733
126.3144186,33.3054733
126.3144186,33.3054733
126.3144186,33.3054733
126.3144186,33.3054733
126.3144186,33.3054733
126.3144186,33.3054733
126.3144186,33.3054733
126.3144186,33.3054733
126.3144186,33.3054732
126.3144186,33.3054733
126.3144185,33.3054732
126.3144186,33.3054733
126.3144185,33.3054733
126.3144185,33.3054732
126.3144186,33.3054732
126.3144186,33.3054733
126.3144186,33.3054733
126.3144186,33.3054733
126.3144186,33.3054732
126.3144187,33.3054733
126.3144186,33.3054733
126.3144186,33.3054733
126.3144186,33.3054732
126.3144186,33.3054733
126.3144186,33.3054733
126.3144185,33.3054732
126.3144186,33.3054733
126.3144186,33.3054734
126.3144186,33.3054733
126.3144186,33.3054732
126.3144186,33.3054733
126.3144186,33.3054733
126.3144185,33.3054733
126.3144186,33.3054733
126.3144186,33.3054733
126.3144186,33.3054733
126.3144186,33.3054733
126.3144185,33.3054733
126.3144185,33.3054733
126.3144186,33.3054733
126.3144186,33.3054733
126.3144186,33.3054733
126.3144185,33.3054733
126.3144185,33.3054733
126.3144186,33.3054733
126.3144186,33.3054733
126.3144186,33.3054733
126.3144187,33.3054733
126.3144187,33.3054733
126.3144186,33.3054733
126.3144186,33.3054733
126.3144186,33.3054733
126.3144187,33.3054733
126.3144186,33.3054733
126.3144187,33.3054733
126.3144186,33.3054733
126.3144186,33.3054733
126.3144186,33.3054733
126.3144186,33.3054733
126.3144185,33.3054733
126.3144185,33.3054733
126.3144186,33.3054733
126.3144187,33.3054733
126.3144186,33.3054733
126.3144186,33.3054733
126.3144186,33.3054732
126.3144187,33.3054732
126.3144186,33.3054732
126.3144186,33.3054732
126.3144186,33.3054732
126.3144185,33.3054732
126.3144185,33.3054732
126.3144187,33.3054732
126.3144187,33.3054732
126.3144186,33.3054733
126.3144186,33.3054732
126.3144186,33.3054732
126.3144185,33.3054732
126.3144186,33.3054732
126.3144186,33.3054732
126.3144186,33.3054732
126.3144186,33.3054732
126.3144185,33.3054732
126.3144186,33.3054733
126.3144185,33.3054733
126.3144185,33.3054733
126.3144186,33.3054733
126.3144187,33.3054733
126.3144186,33.3054734
126.3144185,33.3054733
126.3144185,33.3054733
126.3144186,33.3054732
126.3144185,33.3054732
126.3144186,33.3054732
126.3144186,33.3054732
126.3144185,33.3054732
126.3144186,33.3054731
126.3144187,33.3054732
